Date,North America,Europe,Africa,Asia,South America
191001,0.13,0.89,-0.64,-0.16,-0.44
191002,-3.44,2.23,0.09,0.36,-0.64
191003,1.85,0.25,-0.76,-1.47,-0.81
191004,0.12,-0.15,-0.07,-0.53,-0.58
191005,-0.79,-0.28,-0.32,-0.21,-0.7
191006,-0.31,0.24,-0.31,-0.66,0.18
191007,-0.25,-0.98,-0.18,0.07,-0.15
191008,-0.6,-0.81,-0.12,0.06,0.17
191009,-0.57,-0.71,-0.44,-0.54,0.01
191010,0.18,-0.57,-0.57,-0.72,-0.58
191011,0.26,-0.82,-0.54,-1.24,-0.27
191012,-0.91,0.89,-0.49,-2,-0.68
191101,-2.08,-0.49,-0.32,-1.27,-0.35
191102,-0.68,-1.61,-0.69,-0.6,-0.48
191103,-0.33,-0.63,-0.24,-1.75,-0.79
191104,-0.51,-1.08,-0.44,0.18,-0.81
191105,0.05,0.17,-0.67,-0.87,-0.1
191106,0.38,-0.91,-0.71,-0.31,-0.53
191107,-0.6,-0.13,-0.61,-0.18,-0.22
191108,-0.86,0.85,-0.69,-0.3,-0.76
191109,-0.19,0.3,-0.29,-0.72,-0.85
191110,0.24,-0.5,-0.16,-0.62,-0.67
191111,-2.17,0.56,-0.2,0.51,0.17
191112,-0.02,1.11,-0.08,-1.12,0.17
191201,-2.36,-1.45,-0.06,0.06,-0.1
191202,-0.39,0.29,0.01,-0.36,0.15
191203,-2.14,1.57,-0.27,-1.92,0.31
191204,-0.6,-1.22,-0.01,-0.15,0.15
191205,0.06,-0.93,0.27,-0.24,0.15
191206,-0.63,-0.01,-0.33,0.36,0.23
191207,-1.38,-0.63,-0.31,-0.85,-0.79
191208,-1.14,-1.39,-0.33,-1.21,-0.02
191209,-0.65,-2.31,-0.52,-1.27,-0.73
191210,0.01,-2.05,-0.53,-2.55,-0.46
191211,0.51,-1.27,-0.44,-1.03,-0.27
191212,-0.21,0.74,-0.68,-1.24,-0.55
191301,-2.03,-0.31,0.08,-0.43,-0.54
191302,-1.54,-0.22,-0.29,-1.33,-0.06
191303,-2.08,0.96,-0.84,-0.54,-0.38
191304,0,0.13,-0.6,-1.1,-0.18
191305,-0.87,-0.66,-0.35,-0.65,-0.19
191306,-0.41,-0.77,-0.32,-0.75,-0.22
191307,-1.02,-1.32,0.12,-0.63,0.69
191308,-0.35,-0.85,0.03,-0.29,0.13
191309,-0.99,-0.26,0.3,-0.27,-0.31
191310,-1.73,-0.25,-0.11,-0.5,-0.21
191311,0.14,1.17,-0.43,-0.19,0.18
191312,0.13,0.21,-0.28,1.05,-0.2
191401,0.26,-1.25,0.39,1.44,0.08
191402,-3.08,1.47,-0.45,1.79,-0.18
191403,-0.87,0.85,-0.01,-0.61,-0.07
191404,-0.97,0.63,-0.14,-0.65,-0.39
191405,-0.38,-0.6,0.21,-0.34,-0.07
191406,-0.46,-0.65,0.01,0.04,0.61
191407,-0.59,0.16,-0.2,-0.39,0.92
191408,-0.56,-0.46,-0.4,-0.04,-0.5
191409,-0.26,-0.87,-0.08,-0.02,-0.31
191410,0.83,-1.09,0.18,-0.42,-0.16
191411,-0.1,-1.44,0.5,-0.58,-0.31
191412,-1.31,0.99,-0.46,0.41,-0.05
191501,0.21,0.74,-0.21,-1.27,0
191502,0.72,0.24,-0.4,-0.67,0.26
191503,-0.44,-1.48,0.64,-0.17,-0.08
191504,1.96,-0.6,-0.05,-0.31,0.6
191505,-0.03,-0.55,0.02,0.73,0.79
191506,-0.92,-0.04,-0.22,0.22,-0.87
191507,-0.8,-0.27,0.14,0.04,0.37
191508,-0.16,-0.95,0.1,-0.4,0.61
191509,-0.3,-1.33,-0.24,-0.34,-0.49
191510,0.31,-1.46,0.04,-1.3,-0.02
191511,0.9,-1.53,0.31,0.24,-0.52
191512,1.04,-0.12,-0.48,-0.53,-0.5
191601,-1.79,1.45,-1.02,0.5,-0.46
191602,-0.99,0.55,-0.02,-0.56,-0.52
191603,-0.81,0.03,0.33,-1.13,-0.68
191604,0,-0.01,-0.01,-0.45,0.1
191605,0.11,-0.23,-0.55,-0.56,-0.11
191606,-0.45,-0.65,-0.28,-0.6,-1.47
191607,-0.07,-0.18,-0.27,-0.34,-0.78
191608,-0.23,-0.83,-0.85,-0.1,-0.57
191609,-0.35,-1.26,-0.51,-0.43,0.39
191610,-0.29,-0.58,-0.52,-0.14,-0.1
191611,-0.49,0.63,-0.46,-1.14,-0.25
191612,-1.86,0.87,-0.23,-2.54,-1.19
191701,-1.39,-0.8,0.06,-0.56,-0.99
191702,-1.94,-2.55,-0.38,-0.33,-0.86
191703,-0.74,-2.23,-1.26,-1.21,-1.12
191704,-1.5,-1.51,-0.8,-0.22,-0.83
191705,-2.11,-0.54,-0.54,-0.18,-1.71
191706,-1.05,0.82,-0.63,-0.22,-1.13
191707,0.02,-0.33,-0.43,-0.1,-0.8
191708,-0.51,0.3,-0.5,-0.29,-0.88
191709,-0.1,0.17,-0.83,0,-0.62
191710,-2.02,-0.29,-0.84,-0.57,-0.92
191711,0.49,0.34,-0.77,-0.23,-1.16
191712,-4.74,-1.95,-0.57,-0.92,-0.81
191801,-2.45,-0.26,-0.94,0.09,-1.17
191802,-2.27,0.32,-1.02,-0.25,-1.1
191803,-0.49,-0.12,-0.69,-0.09,-0.87
191804,-1.67,0.48,-0.79,-0.88,-0.66
191805,-1.32,-0.41,-0.8,-0.98,-0.84
191806,-0.97,-1.34,-0.59,-0.44,-0.75
191807,-1.04,-0.49,-0.21,-0.37,-0.6
191808,-0.66,-0.55,-0.75,-0.3,-1.06
191809,-0.77,0.26,0.11,-0.03,-0.66
191810,-0.12,0.4,-0.14,-0.02,-0.77
191811,-0.58,-0.03,0.11,-0.64,-0.58
191812,0.33,0.59,-0.92,-2.61,-0.28
191901,1.45,1.03,0.34,-2.56,-0.06
191902,-0.75,-0.42,0.18,-1.11,-0.17
191903,-1.45,-0.49,0.49,-1.08,-0.09
191904,-0.33,-0.79,0.47,0.27,0.22
191905,0.13,-1.38,-0.58,-0.57,0.45
191906,-0.19,-0.36,-0.4,-0.52,-0.03
191907,0.07,-1.04,-0.19,-0.08,-0.32
191908,0.19,-0.79,-0.45,0.22,-1.01
191909,0.04,0.48,-0.28,-0.13,-0.71
191910,-1.71,-1.05,0.06,0.59,-0.45
191911,-1.22,-2.19,-0.42,-0.33,-0.64
191912,-1.16,-0.78,-0.79,-0.62,-0.42
192001,-1.52,0.68,0.14,1.24,-0.12
192002,1.07,0.66,-0.39,-1.41,-0.4
192003,-1.3,1.67,-0.92,0.94,-0.38
192004,-2.26,1.46,-0.03,0.39,-0.31
192005,-0.89,1.17,-0.33,0.19,-0.4
192006,-0.64,-0.33,-0.48,-0.09,-0.99
192007,-0.55,0.26,-0.33,-0.09,-0.85
192008,-0.54,-0.49,-0.43,0.05,-0.9
192009,-0.06,-0.16,-0.39,-0.46,-0.39
192010,0.14,-1.64,-0.09,-0.83,-0.21
192011,-0.76,-1.79,-0.29,-0.59,-0.26
192012,0.01,-0.72,-0.57,-2.19,-0.66
192101,0.13,1.78,-0.74,0.9,-0.4
192102,-0.01,-0.52,-0.37,0.25,-0.6
192103,-0.23,1.05,-0.47,-0.08,-0.69
192104,-0.5,0.54,-0.3,-0.02,-0.49
192105,0,1.13,-0.54,-0.48,0.08
192106,0.54,-0.53,-0.25,0.23,-1.16
192107,0.25,0,-0.25,0.2,-1.09
192108,-0.51,0.04,-0.41,-0.16,-0.39
192109,-0.07,-0.61,-0.25,-0.18,-0.64
192110,0.12,0.33,-0.14,-0.35,-0.86
192111,-0.61,-2.05,-0.39,0.08,-0.61
192112,0.76,-0.59,-0.21,-0.61,-0.37
192201,-0.04,-1.13,0.09,-1.13,-0.6
192202,-2.28,-0.75,-0.33,-1.22,-0.45
192203,-1.07,0.25,0.14,0.3,-0.49
192204,-0.39,-0.9,0.44,0.02,-0.52
192205,-0.16,0.4,-0.44,-0.07,-0.66
192206,-0.71,0.08,-0.01,0.05,-0.65
192207,-1.04,-0.29,-0.22,0.1,0.1
192208,-0.2,-0.53,-0.46,-0.13,-0.54
192209,0.18,-1.19,-0.29,-0.62,-0.4
192210,-0.31,-1.46,-0.11,-0.49,-1.03
192211,0.27,-1.06,0.09,-0.26,-0.77
192212,-0.9,-0.37,-0.53,1.02,-0.65
192301,-0.53,1.22,-0.37,-0.38,-0.76
192302,-1.37,-0.58,-0.6,-0.68,-0.28
192303,-2.78,0.49,-0.3,0.2,-0.21
192304,-0.64,-1.17,-0.61,-1.23,-0.56
192305,-0.24,-0.03,-0.38,-0.87,-1.18
192306,0.2,-2.14,-0.09,0.08,-0.22
192307,-0.09,-0.02,-0.59,-0.36,-1.06
192308,-0.61,-0.88,-0.54,0.2,-0.82
192309,-0.15,-0.17,-0.31,-0.11,-0.49
192310,0.09,0.98,-0.41,0.22,-0.94
192311,1.28,0.56,0,-0.21,-0.58
192312,0.59,-0.42,-0.43,0.28,-0.65
192401,-1.27,-1.33,0.13,-0.33,-0.36
192402,0.17,-1.7,0.17,-0.84,-0.24
192403,0.72,-1.1,0.61,-0.27,-0.31
192404,-1.01,-1.03,0.22,-0.27,-0.35
192405,-0.52,0.58,0.2,-0.32,-0.93
192406,-0.24,0.04,0.25,-0.31,-0.51
192407,-0.62,-0.34,-0.33,0.04,-0.83
192408,-0.01,-0.71,-0.43,0.08,-1.23
192409,-0.71,0.73,-0.24,0.19,-1.14
192410,0.37,0.37,-0.27,-0.39,-1
192411,0.12,-0.37,-0.86,1.09,-0.84
192412,-2.51,0.1,-0.33,0.87,-0.53
192501,-2.58,1.68,-1.51,1.07,-0.75
192502,-0.34,2.32,-0.82,-1,-0.58
192503,0.12,-0.74,-0.14,-0.13,-0.5
192504,1.01,0.09,-0.09,-0.54,-0.29
192505,-0.18,0.29,-0.16,-0.63,-0.58
192506,0.1,-0.9,-0.23,-0.6,-0.85
192507,-0.21,0.04,0.08,-0.54,-0.98
192508,-0.19,-0.24,-0.09,-0.19,-0.02
192509,0.12,-0.93,-0.1,0.18,-0.68
192510,-1.9,-0.7,0.16,0.71,-0.79
192511,-0.23,-0.87,0.14,0.7,-0.09
192512,1.07,-1.13,0.21,0.89,0.02
192601,1.4,-0.11,0.3,1.19,0.02
192602,1.28,1.1,0.27,-0.02,0.06
192603,-0.1,-0.07,-0.02,1.58,0.33
192604,-0.28,0.5,0.32,-0.77,-0.14
192605,0.09,-0.68,-0.23,-1.01,-0.62
192606,-0.37,-0.69,0.06,-0.44,0.05
192607,-0.42,-0.25,-0.47,-0.59,-0.78
192608,-0.21,-0.82,-0.34,0.2,-0.18
192609,-0.76,0.05,-0.06,-0.04,0.08
192610,0.81,-0.41,-0.04,0.08,-0.26
192611,-0.57,1.93,-0.05,0.28,0.03
192612,-0.88,-0.42,-0.29,-0.54,-0.69
192701,0.59,0.39,0.04,-1.89,-0.03
192702,0.76,-0.54,-0.43,-0.59,-0.17
192703,0.4,1.27,-0.54,-1.99,-0.03
192704,-0.66,-0.23,-0.33,-0.36,-0.29
192705,-0.72,-0.8,-0.06,0.07,-0.8
192706,-0.51,-0.07,-0.14,-0.06,-0.86
192707,-0.3,0.56,0.11,-0.03,-0.71
192708,-0.7,0.44,-0.25,-0.1,-0.31
192709,0.17,0.24,0.23,0.52,-0.72
192710,0.54,-0.13,0.34,0.6,-0.39
192711,-1.11,-0.76,0.42,0.13,0.2
192712,-2.22,-2.29,0.7,-0.51,-0.4
192801,1.33,0.28,0.25,-0.51,-0.53
192802,1.02,-0.04,-0.65,0.11,-0.44
192803,0.51,-1.21,0.4,-1.18,-0.56
192804,-1.72,0.14,0.2,-0.38,0.08
192805,0.46,-1.18,0.1,-0.18,-0.33
192806,-0.37,-1.16,-0.07,-0.34,-0.53
192807,-0.02,0.31,-0.25,-0.22,-0.37
192808,-0.43,-0.26,-0.32,-0.02,-1.1
192809,-0.23,-0.04,0.25,-0.18,-0.66
192810,0.17,-0.43,0.06,-0.11,-0.61
192811,1.12,1.17,0.13,-0.21,0.03
192812,1.93,-0.47,-0.35,-0.27,-0.57
192901,-0.07,-2.05,-0.24,-2.1,-0.14
192902,-1.1,-5.22,0.03,-2.25,-0.35
192903,0.15,-1.52,-0.19,0.24,-0.55
192904,-0.27,-2.58,-0.47,-0.11,-0.11
192905,-1,0.42,0.03,-0.41,-0.79
192906,-0.58,-0.68,-0.23,-0.54,-0.77
192907,-0.41,-0.56,-0.51,-0.4,-0.47
192908,0.17,0.3,-0.51,-0.24,-0.76
192909,-0.46,0.19,0.09,-0.39,-0.19
192910,0.46,0.7,-0.39,-0.07,-0.32
192911,-0.82,1.21,-0.11,0.09,-0.11
192912,-1,1.84,-0.73,-2.89,-0.38
193001,-1.92,2.05,-0.8,-0.6,-0.25
193002,0.68,0.15,0.04,-1.04,-0.28
193003,-0.14,0.84,-0.25,1,-0.17
193004,0.8,0.52,-0.48,-0.96,-0.27
193005,-0.25,-0.15,-0.49,-0.25,-0.19
193006,0.23,0.53,-0.45,-0.39,0.68
193007,0.34,-0.13,0.04,-0.03,-0.26
193008,0.49,0.1,-0.3,0.18,-0.53
193009,0.21,-0.21,-0.35,-0.54,-0.09
193010,-0.75,0.35,-0.25,-0.19,-0.54
193011,0.35,1.07,-0.15,0.76,-0.56
193012,1.42,0.19,0.62,-1.24,0.06
193101,2.28,0.15,0.43,-1.78,0.12
193102,2.61,-0.78,0.4,-3.26,0.26
193103,-0.79,-1.4,0.54,0,0.13
193104,0.3,-1.4,0.35,-1.11,-0.02
193105,-0.46,0.76,0.43,-0.75,-1.19
193106,0.73,0.06,-0.02,0.15,-0.73
193107,0.66,0.26,0.29,0.16,-0.25
193108,0,-0.59,0.62,0.44,-0.53
193109,1.22,-1.88,0.16,0.57,-0.68
193110,1.11,-0.8,0.2,0.95,0.17
193111,1.13,-0.08,0,0.16,-0.6
193112,0.96,-0.92,0.09,0.03,-0.02
193201,0.06,1.17,-0.13,2.2,-0.31
193202,-0.68,-2.05,-0.12,-0.21,-0.28
193203,-1.15,-2.1,0.21,-0.19,-0.35
193204,0.31,-0.66,0.28,0.62,0.19
193205,0.69,-0.2,-0.22,-0.41,-0.63
193206,0.46,-0.79,-0.05,-0.09,-0.08
193207,-0.05,0.16,-0.45,0.25,0.42
193208,0.74,0.58,-0.44,-0.04,-0.52
193209,0.23,0.98,-0.15,0.68,0.06
193210,-0.71,0.56,0.4,0.69,-0.01
193211,-1.5,0.14,0.26,-0.23,0.17
193212,-1.39,1.13,-0.07,-0.31,-0.05
193301,0.36,-0.94,0.19,-1.77,-0.19
193302,-1.91,-0.32,0.54,-1.68,-0.43
193303,0.13,-0.1,0.07,-1.44,-0.44
193304,-0.34,-1.16,-0.13,-0.46,-0.08
193305,-0.01,-0.83,-0.06,-0.72,-0.06
193306,0.2,-0.92,-0.01,-0.7,-0.93
193307,0.17,0.04,-0.05,-0.04,-1.03
193308,0.2,-0.1,-0.23,-0.02,-0.09
193309,0.43,-0.38,-0.52,-0.5,-0.24
193310,-0.5,0.24,-0.15,-0.18,-0.19
193311,-0.62,-0.34,0.23,-0.02,-0.54
193312,-2.44,-2.69,0.1,-0.31,-0.38
193401,0.2,0.51,-0.79,-0.71,-0.48
193402,0.09,0.24,-0.91,2.12,-1.03
193403,-0.37,0.92,-0.71,-0.99,-0.45
193404,0.94,0.89,0.1,-1.63,-0.87
193405,0.66,1.01,-0.07,0.13,-0.35
193406,0.14,0,0.17,-0.28,0.1
193407,0.39,0.54,0.44,-0.29,-0.23
193408,-0.27,0.03,0.4,-0.14,-0.01
193409,-0.7,1.17,0.03,-0.83,-0.21
193410,0.65,0.85,0.29,-0.16,-0.63
193411,0.99,0.72,0.11,0.18,-0.48
193412,0.14,1.5,0.22,0.51,-0.26
193501,-1.33,-0.97,0.03,-0.82,-0.23
193502,1.11,0.56,-0.66,2.35,-0.07
193503,-0.39,-0.53,-0.07,0.3,0.19
193504,-0.55,-0.17,-0.56,-1.26,-0.61
193505,-0.96,-1.3,-0.21,-0.2,-0.09
193506,-0.31,0.73,-0.31,-0.2,0.14
193507,0.59,-0.21,-0.17,-0.18,-0.14
193508,-0.03,-0.18,-0.31,0.36,-0.39
193509,-0.08,0.23,-0.1,0.1,-0.68
193510,-0.61,0.83,-0.06,0.41,-0.63
193511,-1.49,0.16,-0.23,-1.47,-0.02
193512,-0.28,0.87,0.33,-1.41,0.1
193601,-1.47,2.57,-0.08,-1.6,-0.21
193602,-4.44,-0.2,0.66,-0.63,-0.36
193603,0.5,1.05,0.04,-1.6,-0.01
193604,-0.69,-0.13,-0.01,-0.48,0.19
193605,0.42,0.14,-0.23,-0.24,0.4
193606,0.35,0.27,-0.28,-0.24,0.15
193607,1.07,0.79,-0.23,0.12,-0.09
193608,0.54,-0.1,-0.16,-0.19,-0.8
193609,0.02,-0.44,-0.54,0.26,0.07
193610,-0.74,-1.63,0.09,0.79,0.16
193611,-0.5,0.36,0.31,0.31,-0.06
193612,-0.9,0.8,-0.19,1.12,0.16
193701,-0.98,-0.51,-0.31,-0.14,-0.3
193702,-0.75,0.63,0.02,0.69,0.28
193703,0.13,0.43,0.17,-1.9,0.02
193704,0.13,0.5,-0.05,-1.03,-0.28
193705,0.62,1.38,-0.05,-0.09,-0.7
193706,0.54,0.73,-0.19,0.05,0.31
193707,0.4,0.66,-0.15,-0.02,0.04
193708,0.34,0.88,0.03,-0.1,0.31
193709,0.48,0.93,0.28,0.45,-0.08
193710,0.27,0.65,0.23,0.58,-0.47
193711,0.18,0.56,0.3,-0.36,0.06
193712,-0.66,-0.33,-0.15,-0.86,-0.09
193801,0.26,0.55,-0.09,0.11,-0.34
193802,-0.4,1,-0.25,0.5,-0.06
193803,1.14,1.65,-0.91,0.48,-0.38
193804,-0.11,-0.94,0.32,1.61,-0.46
193805,0.24,-0.88,0.04,0.33,0.06
193806,0.18,0.41,-0.23,-0.43,-0.1
193807,0.17,0.71,-0.21,0.13,0.06
193808,0.23,0.95,-0.1,0.31,-0.51
193809,1.34,0.42,-0.16,0.2,0.1
193810,1.58,0.95,-0.24,-0.06,-0.23
193811,-0.25,1.88,-0.56,0.98,-0.02
193812,1.65,-0.35,0.07,-1.74,-0.22
193901,1.66,1.68,0.11,-0.8,-0.11
193902,-2.87,1.85,-0.52,1.45,-0.39
193903,-1,-0.84,-0.53,-0.09,-0.54
193904,0.51,0.41,-0.86,-0.42,-0.67
193905,0.74,-0.71,-0.11,0.07,0.34
193906,-0.11,0.14,-0.35,0.46,0.68
193907,0.39,0.12,0.12,0.03,0.04
193908,0.2,0.69,0,0.2,0.43
193909,0.33,-0.11,0.1,-0.02,-0.35
193910,-0.65,-0.84,0.33,-0.19,-0.12
193911,0.6,0.47,-0.13,0.4,-0.34
193912,3.5,-0.93,0.69,1.94,-0.06
194001,0.72,-3.78,0.34,-1.49,-0.22
194002,1.23,-2.52,0.1,0.2,-0.13
194003,0.75,-1.91,-0.27,0.1,-0.13
194004,0.77,-0.52,-0.06,0.62,0.27
194005,0.53,-0.46,0.26,-0.48,0.49
194006,-0.35,0.01,0.06,0.16,0.48
194007,0.17,-0.43,-0.02,0.23,0.8
194008,-0.02,-1.03,0.07,-0.05,-0.11
194009,0.94,-0.42,0.14,-0.05,0.02
194010,0.9,-0.52,0.32,-0.49,-0.51
194011,-0.99,0.92,-0.18,0.49,-0.18
194012,1.38,-2,0.12,0.46,0.53
194101,1.02,-2.51,0.68,-0.3,0.32
194102,1.78,0.09,0.56,-0.47,0.17
194103,0.35,-0.64,0.64,-0.36,0.05
194104,1.09,-1.1,0.48,-0.56,0.36
194105,0.72,-1.75,0.3,-0.03,0.33
194106,0.31,-0.6,0.15,0.34,0.02
194107,0.4,0.35,0.4,-0.04,0.4
194108,0.03,-0.86,0.55,0.16,0.62
194109,-0.49,-1.27,0.03,-0.02,-0.78
194110,0.28,-1.22,0.3,0.68,0.61
194111,0.22,-1.81,0.37,-0.6,0.09
194112,1.51,-1.71,0.04,-0.76,0.38
194201,2.02,-4.86,0.16,0.35,0.45
194202,0.19,-2.93,0.67,-1.41,0.44
194203,1.64,-2.42,0.23,-0.67,-0.17
194204,0.79,-0.65,0.54,-0.74,0.2
194205,0.47,-0.28,0.01,-0.29,-0.28
194206,0.05,-0.22,0.42,0.38,-1.02
194207,-0.03,-0.46,0.01,0.08,-1.02
194208,-0.05,0.25,-0.21,-0.34,0.19
194209,-0.15,0.64,-0.07,0.11,0.08
194210,0.87,0.55,-0.15,0.13,-0.19
194211,-0.16,-0.87,0.35,0.76,0.29
194212,-1.29,0.26,0.12,1.02,-0.09
194301,-1,-1.02,-0.03,-0.63,-0.06
194302,0.75,1.33,-0.58,0.53,0.01
194303,-1.84,0.65,-0.47,0.6,-0.49
194304,0.46,0.77,-0.61,0.82,-0.62
194305,-0.38,-0.17,-0.49,1.1,0.03
194306,-0.11,-0.09,-0.57,-0.38,-0.13
194307,0.18,-0.33,-0.22,0,0.04
194308,0.32,0.52,-0.44,0.16,-1.08
194309,-0.16,0.54,-0.36,0.27,-0.39
194310,0.96,1.11,0.38,0.41,0.23
194311,1.27,0.28,-0.06,-0.27,-0.12
194312,1.12,0.68,0.35,0.83,-0.15
194401,2.23,1.24,-0.5,1.27,-0.22
194402,0.75,0.2,-0.38,1.02,0.02
194403,-1.19,-0.71,-0.43,1.78,-0.42
194404,0.59,-0.24,-0.1,0.01,-0.49
194405,0.55,-0.81,-0.45,0.34,-0.13
194406,0.12,-0.51,0.19,0.04,0.39
194407,-0.13,0,0.13,0.17,0.17
194408,0,0.71,0.18,-0.09,0.59
194409,0.32,0.07,-0.24,0.62,0.75
194410,0.82,0.54,0.27,0.16,0.64
194411,0.32,0.17,0.23,-0.85,0
194412,0.51,-0.07,0.42,-1.61,0.37
194501,1.59,-1.78,0.22,-1.18,0.06
194502,1.07,0.8,-0.52,-2.29,-0.19
194503,2.3,0.22,-0.6,-1.28,0.06
194504,-1.31,0.49,0.25,0.82,0.33
194505,-1.07,0.51,-0.35,0.25,-0.43
194506,-0.88,0.38,-0.33,0.26,-0.43
194507,-0.38,0.67,0,-0.3,-0.06
194508,0.01,0.3,0.08,0.52,0.9
194509,-0.49,0.16,-0.04,0.43,0.23
194510,0.41,-0.4,-0.21,0.62,0.16
194511,-0.86,-0.15,0.24,0.31,-0.05
194512,-1.22,-0.57,-0.05,-1.11,-0.29
194601,0.64,-0.44,0.39,0.51,-0.15
194602,-0.78,0.32,-0.16,1.28,0.36
194603,2.41,-0.05,-0.02,-1.28,-0.24
194604,0.78,1,-0.09,0.84,-0.05
194605,-0.03,0.56,0.04,-0.27,0.05
194606,-0.29,0.35,-0.18,-0.24,-0.25
194607,-0.18,0.73,-0.16,0.05,-0.2
194608,-0.19,0.64,-0.5,0.11,0.02
194609,-0.02,1.1,-0.05,-0.43,0.26
194610,0,-1.43,-0.1,0.07,-0.26
194611,-0.38,0.06,0.37,0.08,0.4
194612,-0.07,-0.8,-0.07,-1.71,-0.07
194701,0.45,-2.15,0.05,-1.18,0.2
194702,0.27,-3.06,0.89,-0.9,0.2
194703,0.72,-0.23,0.33,0.56,-0.1
194704,-0.87,0.88,-0.06,1.12,0.08
194705,-0.59,0.73,-0.23,0.14,-0.13
194706,-0.73,1.24,0.02,-0.17,0.65
194707,-0.04,0.99,-0.12,-0.34,-0.68
194708,-0.2,0.63,0.06,-0.19,-0.45
194709,0,1.12,-0.1,0.22,-0.11
194710,1.75,-0.67,0.04,0.75,-0.27
194711,0.22,0.58,0.17,0.35,-0.29
194712,1.12,0.71,0.1,-0.95,-0.37
194801,0.73,1.95,-0.23,1.44,0.15
194802,-1.6,0.28,0.11,0.45,-0.01
194803,-1.84,0.71,-0.86,0.49,-0.44
194804,-0.78,0.99,-0.23,0.67,-0.04
194805,0.21,0.66,0.17,0.39,0.07
194806,0.37,0,-0.28,0.32,0.37
194807,0.23,-0.62,-0.06,0.14,0.13
194808,0.17,-0.15,-0.15,0.18,-0.52
194809,0.76,-0.01,-0.32,0.13,0.26
194810,0.37,-0.04,-0.29,0.47,0.06
194811,0.38,-0.09,-0.51,0.57,-0.07
194812,-0.95,-0.3,-0.25,0.01,0.08
194901,-0.76,1.35,0.08,1.75,-0.24
194902,-2.54,0.96,-0.79,0.62,-0.38
194903,0.75,-1.07,-0.11,-0.62,-0.01
194904,0.04,0.57,-0.34,0.26,0.02
194905,-0.25,0.51,0.14,0.39,-0.21
194906,-0.24,-0.6,0.18,-0.34,0.26
194907,-0.2,-0.13,0.07,-0.43,-0.3
194908,0.35,-0.44,-0.01,0.04,-0.21
194909,-0.14,1.07,-0.18,-0.27,-0.21
194910,-0.25,0.61,-0.04,0.43,-0.66
194911,1.89,1.28,0.39,-1.3,-0.06
194912,-0.5,1.48,0.21,-1.33,-0.37
195001,-1.79,-2.32,-0.17,-0.76,-0.53
195002,-1.03,0.89,-0.39,-0.76,-0.21
195003,-0.45,0.81,-0.37,0.14,-0.43
195004,-1.4,1.2,-0.24,-0.37,-0.09
195005,-0.29,0.66,-0.46,0.19,0.13
195006,-0.32,0.62,0.01,-0.24,0.05
195007,-0.67,0.38,-0.24,-0.48,-0.1
195008,-0.82,0.28,-0.52,-0.39,-0.08
195009,-0.1,0.43,-0.21,-0.21,-0.13
195010,0.34,-0.28,-0.53,-0.06,-0.54
195011,-0.69,0.41,-0.31,-1.72,-0.21
195012,0.89,0.24,0.07,-0.87,-0.32
195101,-0.52,0.36,-0.36,-1.28,-0.47
195102,-0.34,0.67,-0.24,-2.65,-0.78
195103,-1.56,-0.28,0.43,-0.55,-0.12
195104,-0.33,0.54,-0.2,-0.03,-0.88
195105,0.54,-0.82,-0.03,0.38,0.13
195106,-0.49,-0.14,-0.19,-0.19,0.11
195107,0.09,-0.3,-0.17,-0.02,0.36
195108,0.17,0.71,0.08,0.21,0.05
195109,0.09,0.89,-0.04,0.68,0.18
195110,-0.82,-0.91,0.04,1.03,0.26
195111,-0.67,0.88,-0.27,0.3,0.15
195112,-1.52,0.83,-0.61,2.89,-0.09
195201,-0.57,0.86,0.13,0.58,0.31
195202,0.75,0.27,-0.25,-0.14,0.24
195203,-0.49,-1.78,0.24,-0.97,0.47
195204,0.94,1.27,-0.16,-0.45,-0.25
195205,0.67,-0.53,0.03,-0.19,0.14
195206,0.46,-0.13,0.18,-0.03,-1.01
195207,0.04,0.31,0.06,0.35,0.25
195208,0.08,0.61,-0.08,0.08,0.19
195209,0.18,-0.69,-0.05,0.53,-0.21
195210,-0.01,-0.26,0.24,-0.88,-0.02
195211,1.34,-0.79,-0.3,-2.46,-0.2
195212,2.32,-0.31,0.12,-1.59,0.11
195301,0.76,0.02,0.24,-0.01,0.18
195302,1.83,-0.71,0.23,0.27,0.31
195303,0.8,0.09,-0.46,1.03,0.21
195304,0.61,0.6,-0.05,0.6,-0.1
195305,0.16,0.19,0.18,0.53,0.13
195306,0.3,0.87,-0.43,0.51,0.1
195307,0.18,0.47,-0.34,0.5,-0.8
195308,0.54,0.11,-0.34,0.25,0.93
195309,0.42,0.1,-0.52,0.25,0.93
195310,0.74,0.92,-0.06,0.07,-0.08
195311,1.48,-0.46,-0.18,-1.36,0.32
195312,0.46,0.46,-0.3,0.77,0.11
195401,-1.27,-2.39,-0.39,-0.85,0.11
195402,2.72,-3.49,0.15,-1.3,-0.02
195403,0.04,0.47,-0.02,-0.89,0.05
195404,-0.85,-1.33,-0.6,0.07,-0.15
195405,-0.31,0.16,-0.03,-0.77,-0.69
195406,0.11,0.79,-0.53,0.08,-0.21
195407,0.35,-0.46,-0.72,0.18,-0.46
195408,0.43,-0.1,-0.61,0.36,-0.12
195409,0.48,0.6,-0.48,0.22,0.05
195410,0.5,0.28,-0.29,0.32,-0.06
195411,2,0.32,0.04,0.22,0.28
195412,0.63,1.82,-0.11,-1.36,0
195501,0.99,0.91,0.44,1,0.1
195502,-1.26,0.16,0.35,-0.22,-0.07
195503,-1.41,-1.35,-0.04,-1.37,-0.57
195504,0.8,-1.13,-0.5,-1.12,-0.34
195505,0.22,-0.73,-0.03,0.03,-0.47
195506,0.17,-0.55,-0.21,0.23,0.07
195507,0.22,0.3,-0.1,-0.28,-1.09
195508,0.29,0.39,-0.3,0.23,-0.27
195509,0.04,0.75,-0.3,-0.03,-0.01
195510,0.87,0.49,-0.12,0.21,-0.5
195511,-2.13,-0.38,0.18,0.34,0.01
195512,-1.26,-0.05,-0.4,-0.44,-0.26
195601,0.31,0.37,-0.25,-0.94,-0.73
195602,-0.66,-5.14,0.21,-0.97,-0.58
195603,-0.57,-1.53,-0.17,-0.52,-0.26
195604,-0.53,-1.11,-0.6,-0.67,-0.85
195605,-0.67,-0.35,-0.43,-0.43,-1.14
195606,0.13,-0.27,-0.33,-0.16,-0.82
195607,-0.23,-0.63,-0.44,-0.13,-0.23
195608,-0.27,-0.84,-0.33,-0.39,-0.73
195609,-0.82,-0.44,-0.55,-0.44,0.03
195610,-0.34,-0.5,-0.63,-0.44,-0.29
195611,-0.37,-2.4,-0.14,-0.44,-0.71
195612,-0.5,-0.35,-0.68,-0.39,-0.24
195701,-1.02,0.03,-0.63,-0.07,-0.49
195702,0.54,2.21,-0.5,-1.42,-0.29
195703,0.88,0.55,-0.46,-1.4,0.23
195704,-0.02,0.29,-0.58,-0.83,-0.55
195705,-0.42,-1.14,-0.38,-0.07,0.55
195706,-0.04,0.23,-0.33,0.07,-0.14
195707,0.16,0.53,0.04,-0.41,-0.57
195708,0.1,-0.09,0.07,-0.12,0.12
195709,0.36,-0.18,0.22,-0.03,-0.09
195710,-0.44,0.19,-0.06,-0.45,0.34
195711,0.12,0.43,0.64,-0.23,-0.05
195712,0.49,-0.37,0.22,1.02,0.34
195801,2.4,-0.07,0.61,0.5,0.46
195802,-0.48,1.09,0.05,0.67,0.53
195803,0.81,-2.04,0.49,-0.59,0.34
195804,-0.02,-1.44,0.6,-0.55,0.27
195805,0.72,0.9,0.12,-0.65,0.06
195806,-0.12,-0.72,-0.1,-0.3,0.71
195807,-0.01,-0.4,-0.25,-0.13,1.28
195808,0.44,0.05,-0.23,-0.25,-0.49
195809,0.11,0.35,0.03,-0.63,0.31
195810,0.03,0.47,-0.14,-0.34,0.35
195811,-0.13,0.73,0.49,-0.12,0.16
195812,-0.28,0.5,0.73,0.21,0.13
195901,-0.62,0.68,0.24,0.46,0.02
195902,-0.27,0.31,-0.62,0.4,0.35
195903,-0.59,1.61,0.11,1.42,-0.13
195904,-0.39,0.61,0.19,0.26,0.01
195905,-0.42,0.1,0.16,-0.31,0.05
195906,0.01,0.13,0.19,0.21,0.1
195907,-0.09,1.16,0.04,-0.29,0.63
195908,-0.28,0.37,-0.26,0.29,-0.16
195909,-0.17,-0.82,-0.25,0.5,0.27
195910,-1.05,-0.57,-0.18,-0.08,0.33
195911,-1.09,-0.2,-0.04,-0.69,-0.16
195912,2.15,0.45,-0.04,-1.12,0.29
196001,0.61,-0.12,-0.11,-0.38,0.24
196002,0.57,-0.41,0.49,1.22,0.13
196003,-2.1,0.05,-0.17,-1.29,-0.01
196004,-0.16,-0.02,-0.3,-0.64,-0.22
196005,0.41,0.52,-0.3,-0.98,-0.71
196006,0.34,0.82,-0.03,0.31,0.03
196007,0.27,-0.24,-0.31,-0.16,-0.26
196008,0.21,-0.21,0.5,-0.22,-0.06
196009,0.32,-0.57,0,0.1,0.1
196010,0.6,0.18,0.52,-0.88,0.09
196011,0.16,1.17,-0.05,-1.08,0.13
196012,0.61,1.67,0.78,0.84,0.25
196101,0.58,0.13,0.24,0.25,0.24
196102,0.71,2.27,-0.82,0.9,-0.07
196103,-0.65,1.77,-0.57,1.2,0.16
196104,-0.99,1.45,0.18,0.24,0.16
196105,-0.45,-0.17,0.46,0.15,0.52
196106,0.49,0.99,0.33,-0.14,-0.34
196107,0.12,-0.46,-0.08,0.08,0.09
196108,0.4,-0.25,-0.49,-0.12,0.9
196109,-0.84,0.73,-0.51,0.12,0.56
196110,-0.76,1.37,-0.44,-0.8,0.44
196111,-0.37,0.77,-0.28,0.23,0.29
196112,-1.3,-0.45,-0.41,0.25,-0.12
196201,-0.6,1.31,-0.21,1.34,-0.2
196202,-0.62,0.11,-0.44,1.9,0.03
196203,0.04,-1.94,0.26,0.95,0.27
196204,-0.15,0.64,-0.15,0.51,-0.12
196205,-0.16,-0.54,-0.32,0.47,-0.31
196206,0,-0.81,-0.07,-0.4,-0.51
196207,-0.31,-0.98,0.05,0.37,-0.88
196208,0.2,0.01,-0.12,-0.17,0.06
196209,-0.26,-0.14,-0.1,-0.09,0.54
196210,0.88,0.74,0.08,-0.32,-0.21
196211,0.87,0.72,0.61,-0.75,0.49
196212,0.9,-1.68,0.13,0.51,0.16
196301,-0.82,-3.15,0.49,0.89,0.14
196302,0.59,-2.3,0.75,2.13,-0.08
196303,0,-1.98,-0.48,0.32,-0.03
196304,0.84,-0.02,-0.33,-0.88,0.28
196305,-0.33,0.64,-0.74,-0.28,-0.11
196306,-0.1,0.07,-0.1,-0.38,-0.06
196307,0.08,0.38,0.12,0.06,0.56
196308,0.02,0.39,0.02,0.07,0.57
196309,0.2,0.72,0.31,0.11,0.43
196310,1.86,0.36,-0.04,0.63,0.81
196311,0.21,1.59,-0.15,1.15,-0.01
196312,-0.36,-1.71,0.42,0.3,0.2
196401,0.88,-0.98,-0.03,-0.08,0.31
196402,1.03,-0.69,0.1,-1.19,0.39
196403,-2.54,-1.39,0.86,-0.45,-0.08
196404,-0.57,0.13,-0.28,-0.98,0.2
196405,-0.13,0.23,-0.29,-0.29,0.12
196406,-0.49,1.08,-0.39,-0.23,-0.73
196407,-0.02,-0.01,-0.71,-0.12,-0.52
196408,-0.69,-0.79,-0.48,-0.05,-0.02
196409,-0.72,-0.01,-0.8,-0.18,-0.07
196410,-0.21,0.22,-0.6,-0.8,-0.58
196411,-0.16,0.32,-0.61,-0.04,-0.52
196412,-1.72,0.19,-0.14,0.23,-0.63
196501,-0.12,0.6,-0.08,0.38,-0.3
196502,-1.41,-1.71,0.08,-0.61,0.14
196503,-1.03,-0.51,-0.13,0.42,-0.39
196504,0.19,-0.82,-0.82,-0.84,-0.18
196505,0.09,-1.03,-0.49,-0.09,-0.07
196506,-0.79,0.18,-0.39,-0.11,1.02
196507,-0.56,-1.04,0,-0.02,-0.01
196508,-0.55,-1.04,-0.17,-0.35,0.38
196509,-1.5,0.12,-0.17,0.02,0.17
196510,-0.19,-0.32,-0.33,0.37,0.4
196511,0.65,-1.52,-0.34,-0.76,0.18
196512,0.83,0.24,-0.25,-0.35,-0.02
196601,-2.78,-0.83,0.64,0.09,0.57
196602,-0.18,1.1,0.18,-0.51,-0.04
196603,0.17,-0.03,-0.3,-0.07,0.11
196604,-1.05,0.51,-0.17,-0.92,0.14
196605,-0.43,0.19,-0.14,0.06,0.24
196606,-0.05,0.54,0.13,0.1,0.48
196607,0.48,-0.12,0.37,-0.08,0.27
196608,-0.09,-0.25,0.32,0.41,-0.36
196609,0.34,-0.26,-0.14,0.27,-0.32
196610,-0.67,1.48,0.01,-0.43,0.02
196611,-0.91,0.25,0.07,-0.4,0.16
196612,-0.06,0.36,-0.09,-1.37,-0.26
196701,0.71,-1.27,-0.61,-0.69,-0.04
196702,-1.13,0.33,-0.11,-0.62,0.01
196703,-0.78,1.26,-0.49,0.88,-0.25
196704,-1.01,-0.14,-0.08,0.5,0.15
196705,-0.79,0.22,-0.05,0.89,0.94
196706,-0.45,-0.59,-0.12,-0.09,-0.86
196707,-0.41,0.27,-0.48,0.22,-0.01
196708,-0.17,0.29,-0.31,-0.12,0.28
196709,0.22,0.74,-0.3,-0.51,0.36
196710,-0.3,1.53,-0.45,1.19,0.32
196711,-0.1,1.07,-0.5,0.15,-0.09
196712,0.8,-1.15,-0.39,0.27,0.15
196801,-0.76,-1.69,-0.54,-0.36,-0.05
196802,-0.1,0.25,-0.09,-0.27,-0.24
196803,1.13,0.35,-0.6,2.23,-0.33
196804,-0.15,1.14,-0.54,0.09,-0.9
196805,-0.52,0.1,-0.37,0.18,-0.91
196806,-0.21,0.56,-0.55,-0.37,-0.08
196807,-0.5,-0.63,-0.06,-0.25,0.4
196808,-0.93,-0.57,0.37,-0.34,0.24
196809,0.04,0.04,0.03,-0.64,-0.31
196810,0.51,0.04,-0.24,-0.69,0.13
196811,0.31,0.26,-0.28,-1.15,0.6
196812,-1.31,-0.41,0.32,-1.09,-0.05
196901,-1.21,-1.06,0.3,-3.09,0.26
196902,0.87,-1.66,1.25,-4.02,0.57
196903,-1.43,-1.56,1.25,-0.63,0.6
196904,0.67,-0.61,0.06,-0.45,0.56
196905,0.14,0.43,0.19,-0.66,0.9
196906,-0.76,-0.09,0.41,-0.33,0.49
196907,-0.19,-0.27,-0.1,0.14,0.61
196908,0.25,0.23,0.19,-0.41,0.02
196909,-0.17,-0.09,0.24,-0.49,0.81
196910,-0.84,0.42,0.02,-0.21,-0.03
196911,0.24,0.6,0.36,0.65,0.46
196912,2.24,-2.09,0.23,0.31,0.29
197001,-0.81,-0.32,0.89,-0.18,0.33
197002,0.77,-1.06,0.54,0.54,0.39
197003,-0.31,-0.39,0.1,-0.71,0.24
197004,-0.6,-0.28,0.03,0.26,0.79
197005,-0.43,-0.39,0.16,-0.02,0.36
197006,0.07,0.78,0.22,-0.39,0.37
197007,0.15,-0.06,0.07,0.18,0.11
197008,0.24,-0.16,0.14,-0.32,0.02
197009,-0.43,-0.05,-0.05,0.18,0.32
197010,-0.51,-0.49,-0.3,-0.54,0.17
197011,-0.04,0.78,-0.11,0,-0.22
197012,-1.25,-0.05,-0.37,-0.19,0.15
197101,-1.59,0.91,-0.19,0.87,-0.31
197102,0.1,0.63,-0.32,-1.32,-0.54
197103,-0.63,-1.52,0.38,-0.48,-0.15
197104,-0.11,-0.08,-0.24,-0.23,-0.59
197105,-0.24,0.71,-0.2,-0.01,-0.56
197106,0.5,-0.58,-0.12,-0.24,-0.7
197107,-0.31,-0.09,-0.15,-0.02,0.5
197108,-0.09,0.43,-0.32,-0.12,-0.08
197109,0.05,-0.55,-0.25,0.3,0.3
197110,0.24,-0.18,-0.63,0.08,-0.57
197111,-0.5,-0.69,-0.6,1.99,-0.21
197112,-1.43,1.05,-0.4,1.1,0.01
197201,-1.25,-1.61,-0.1,-1.79,-0.04
197202,-2.04,0.56,-0.21,-1.4,-0.14
197203,-0.17,0.77,-0.19,0.04,-0.16
197204,-1.12,0.6,-0.22,0.55,-0.37
197205,0.01,-0.24,-0.38,-0.33,0.56
197206,-0.57,0.31,-0.25,0.03,0.89
197207,-0.87,0.76,0.44,-0.31,0.34
197208,-0.24,-0.09,0.27,-0.28,-0.07
197209,-1.11,-1.16,0.49,-0.76,0.31
197210,-1.2,-0.8,0.45,0.04,0.1
197211,-0.98,0.18,-0.34,-0.55,0.33
197212,-2.18,0.93,0.4,0.49,0.41
197301,0.64,0.61,0.48,-0.34,0.68
197302,-0.64,1.36,0.74,1.64,0.73
197303,1.37,0.43,0.36,0.8,0.74
197304,-0.43,-0.42,0.4,0.89,0.65
197305,0.24,0.31,0.49,0.18,0.09
197306,0.2,0.23,0.53,0.36,0.8
197307,0.04,0.39,0.47,-0.06,-0.19
197308,0.45,0.04,0.14,0.09,-0.23
197309,0.22,-0.1,0.21,-0.16,-0.17
197310,0.82,-0.8,0.03,-0.39,0.15
197311,-0.84,-1.42,-0.49,0.9,-0.18
197312,0.4,-1.09,-0.31,1.03,-0.26
197401,-1.05,1.15,-0.54,-1.17,-0.21
197402,-0.56,2.21,-0.23,-1.7,-0.44
197403,-0.53,1.41,-0.36,0.4,-0.21
197404,-0.24,-0.38,-0.28,0.59,-0.16
197405,-0.36,-0.74,-0.26,0.09,0.09
197406,0,-0.39,0.11,-0.29,-0.13
197407,0.11,-0.76,-0.44,0.29,0.05
197408,-0.6,0.06,-0.09,0.01,-0.11
197409,-1.32,0.2,-0.33,0.28,-0.41
197410,-0.88,-0.65,-0.09,-0.44,-0.25
197411,0.49,0.23,-0.61,-0.73,-0.11
197412,0.47,1.69,-0.71,-0.91,-0.47
197501,-0.79,2.54,-0.71,1.5,-0.17
197502,-0.34,1.24,-0.01,0.45,0.02
197503,-1.26,1.26,-0.29,1.64,0.08
197504,-0.86,0.4,0.06,1.1,0.09
197505,0.42,0.59,-0.13,0.28,-0.13
197506,0.16,-0.14,-0.12,0.36,0.48
197507,0.44,0.31,-0.25,0.05,-0.67
197508,-0.11,0.54,-0.29,-0.03,-0.09
197509,-0.59,1.16,-0.29,0.69,0.02
197510,0.04,-0.1,-0.46,0.06,0.06
197511,-0.37,-0.47,-0.36,-0.01,-0.3
197512,-0.83,-0.04,-0.02,0.53,-0.08
197601,-0.01,-0.35,-0.55,1.38,-0.24
197602,0.83,-0.88,-0.35,-0.53,-0.33
197603,-0.23,-1.35,-0.62,-1.16,-0.66
197604,1.19,-0.13,-0.5,0.16,-0.39
197605,0.06,-0.09,-0.39,-0.13,-0.06
197606,-0.1,-0.13,-0.29,-0.3,-0.21
197607,-0.01,0.01,-0.16,-0.6,0.22
197608,-0.25,-0.83,-0.3,-0.32,0.15
197609,0.4,-0.97,0.05,-0.06,-0.27
197610,-1.1,-0.59,0.02,-1.78,-0.05
197611,-0.03,0.24,-0.18,-1.1,0.03
197612,-0.58,-0.36,0.58,-0.72,0.16
197701,0.44,-0.1,0.51,-2.24,0.23
197702,2.68,1.64,0.21,-1.25,0.16
197703,1.41,1.56,-0.31,0.89,0.46
197704,1.34,-0.56,-0.13,1.03,0.27
197705,1.31,-0.22,0.08,0.6,-0.24
197706,0.62,-0.37,0.12,0.74,0.5
197707,0.04,-0.81,0.35,0.02,0.99
197708,-0.1,-0.78,0.33,-0.23,0.39
197709,0.45,-1.07,0.15,0.09,0.5
197710,0.45,0.05,-0.05,-0.89,0.51
197711,0.2,1.01,-0.13,1.46,0.31
197712,-1.03,-0.19,0,0.47,0.28
197801,-0.55,0.3,0.21,0.31,0.19
197802,0.11,-0.56,0.83,-0.32,0.47
197803,-0.4,0.95,0.14,0.76,0.37
197804,0.35,-0.71,0.1,0.57,0.1
197805,0.02,-0.77,0.2,-0.2,0.1
197806,-0.47,-0.65,-0.24,-0.11,0.05
197807,-0.04,-1.05,-0.29,-0.27,1.11
197808,-0.27,-1.04,0.29,-0.51,-0.54
197809,0.16,-0.79,-0.03,0.08,0.19
197810,-0.54,0.1,-0.07,0.27,0.46
197811,-0.91,-0.08,-0.64,1.69,0.26
197812,0.22,-1.41,0.53,-0.07,0.1
197901,-0.96,-1.39,1.05,-0.69,0.22
197902,-4.11,-0.45,0.74,0.6,0.38
197903,0.18,0.79,0.65,-0.15,-0.01
197904,-0.27,-0.73,0.22,-0.91,-0.19
197905,-0.49,0.35,0.11,0.24,0.18
197906,-0.2,1.1,0,0.1,-0.2
197907,0.4,-1.06,0.11,-0.05,0.53
197908,-0.09,-0.29,0.62,-0.35,1.11
197909,0.54,0.16,0.26,0.04,-0.24
197910,0.69,-0.55,0.46,0.05,0.54
197911,0.69,0.05,0.12,-0.06,0
197912,1.58,1.24,-0.3,1.8,0.24
198001,1.01,-1.62,0.68,-0.37,0.34
198002,1.66,0.11,0.44,0.06,0.39
198003,0.11,-1.13,0.47,-0.96,0.83
198004,0.93,-0.57,0.5,-0.17,0.55
198005,1.15,-1.27,0.35,0.26,0.83
198006,0.26,0.03,0.27,0.15,0.36
198007,0.57,-0.66,0.1,0.14,0.37
198008,0.27,-0.18,0.36,-0.06,0.61
198009,-0.24,0.06,0.22,0.1,-0.03
198010,0.15,-0.11,0.29,0.25,0.34
198011,1.09,-0.93,0.4,0.97,-0.09
198012,-1.38,-0.27,-0.21,1.61,0.27
198101,3.7,0.01,-0.58,1.98,0.12
198102,2.44,0.14,-0.08,1.22,0.32
198103,2.63,0.83,0.56,0.96,0.47
198104,0.75,-0.39,0.33,0.98,0.28
198105,0.32,-0.06,0.1,0.19,0.94
198106,0.25,0.29,0.2,0.56,-0.06
198107,0.34,-0.32,0.04,0.3,-0.17
198108,0.65,-0.31,0.08,0.39,0.58
198109,0.39,0.44,-0.06,0,-0.18
198110,0.06,0.78,0.31,-0.2,0.16
198111,2.03,-0.22,-0.29,0.04,0.31
198112,1.2,-0.76,0.67,1.5,0.28
198201,-2.79,-0.66,0.55,0.26,0.1
198202,-0.64,-0.18,-0.14,0.75,-0.01
198203,-0.28,0.47,-0.04,-0.68,0.26
198204,-1.34,-0.38,0.05,1.3,0.28
198205,-0.25,0.17,-0.2,0.26,0.35
198206,-0.45,-0.09,0.28,-0.12,0.5
198207,0.02,0.09,0.44,0.05,0.71
198208,-0.51,0.15,0.17,-0.1,0.71
198209,-0.18,1.11,0.42,0,0.47
198210,-0.21,0.35,0.01,-0.37,0.29
198211,-1.16,0.66,-0.6,-0.11,0.35
198212,0.78,1.42,-0.2,1.27,0.41
198301,0.77,2.31,-0.95,1.93,0.93
198302,0.85,-0.44,0.64,0.87,0.83
198303,-0.03,0.88,0.26,0.87,0.84
198304,-0.73,1.15,0.74,-0.24,0.85
198305,-1.4,0.71,0.99,0.05,0.99
198306,0.13,-0.02,0.57,-0.05,-0.04
198307,0.24,0.92,0.8,0.18,0.61
198308,0.82,-0.03,0.5,0.34,0.27
198309,0.24,0.58,0.61,0.54,0.09
198310,0.13,0.21,-0.2,0.38,0.38
198311,1.63,-0.56,0.62,1.85,0.38
198312,-2.47,0.07,0.23,1.75,0.56
198401,-0.37,1.16,-0.32,1.06,0.21
198402,1.87,0.38,0.02,-1.22,0.35
198403,0.31,-0.69,0.66,0.65,0.37
198404,0.6,0.19,0.45,-0.69,-0.09
198405,-0.07,0.04,0.63,0.95,0.56
198406,0.39,-0.67,0.02,0.2,-0.23
198407,0.11,-0.79,0.05,0.08,0.37
198408,0.73,-0.49,0.51,-0.2,-0.35
198409,-0.82,0,0.42,-0.18,-0.05
198410,-0.32,1.04,0.27,-0.34,0.63
198411,-0.48,0.36,-0.1,-0.69,0.01
198412,-0.84,0.14,-0.17,-1.83,-0.17
198501,1.52,-3.07,0.85,-0.35,0.04
198502,-1.44,-3.73,0.12,-0.49,0.06
198503,1.21,-0.82,0.54,-0.55,0.46
198504,0.3,-0.01,-0.41,0.64,0.18
198505,0.99,0.44,0.11,-0.07,0.54
198506,-0.19,-0.54,0.4,0.12,0.14
198507,-0.08,-0.19,0,-0.42,0.13
198508,-0.47,0.34,0.33,0.18,0.08
198509,-0.41,-0.01,0.05,-0.05,0.13
198510,-0.4,0.28,0.11,0,0.42
198511,-1.96,-1.14,0.34,0.59,0.39
198512,0.43,0.22,0.01,0.22,0.27
198601,2.51,0.17,-0.17,0.87,0.41
198602,1.86,-2.8,0.65,0.39,0.13
198603,1.25,0.23,0.4,0.54,-0.05
198604,0.37,0.13,0.54,0.34,0.68
198605,0.57,0.82,0.2,0.06,0.68
198606,-0.12,0.55,0.26,0.23,0.6
198607,-0.28,-0.09,0.13,-0.01,0.44
198608,-0.19,0.09,0.61,-0.11,0.63
198609,-0.26,-0.64,0.23,-0.03,-0.02
198610,-0.45,0.35,-0.03,0.22,0.11
198611,-1.85,0.48,-0.33,0.69,0.22
198612,2.18,-0.78,-0.51,-0.26,0.57
198701,2.99,-3.83,0.53,-0.15,0.57
198702,2.15,-0.04,0.88,1.41,0.64
198703,0.71,-3.02,0.68,-0.35,0.66
198704,1.4,-0.22,0.41,-0.69,0.88
198705,0.62,-0.85,1.13,0.16,0
198706,0.79,-0.39,0.26,-0.33,0.76
198707,0.22,0.14,1.02,0.11,1.68
198708,-0.27,-0.95,0.99,0.37,0.37
198709,0.74,0.73,0.72,0.06,0.47
198710,0.03,0.44,0.35,-0.44,0.98
198711,1.38,0.14,0.74,-1.44,0.91
198712,2.4,0.31,1,0.54,0.48
198801,-0.22,2.09,0.6,1.22,0.7
198802,0.54,1.07,0.86,-0.16,0.57
198803,1.48,-0.22,0.72,0.34,1.04
198804,1.18,-0.13,1,0.4,0.48
198805,0.84,0.8,0.76,0.24,0.01
198806,0.91,0.35,0.59,0.7,-0.07
198807,0.67,0.99,0.51,0.72,-0.4
198808,0.66,0.31,0.45,0.21,0.58
198809,0.21,0.3,0.2,0.89,0.47
198810,0.25,0.07,-0.07,0.82,0.33
198811,0.66,-2.14,0.03,1.23,0.4
198812,0.53,0.13,-0.55,2.52,0.37
198901,0.27,1.95,-1.15,0.62,0.14
198902,-0.59,2.75,-0.94,1.76,0.46
198903,-1.26,2.83,-0.25,2.12,0.01
198904,1.11,1.45,0.01,-0.19,0.4
198905,0.04,0.87,0.24,0.58,-0.19
198906,0.5,0.29,0.28,0.14,0.66
198907,0.84,0.53,0.19,0.2,-0.08
198908,0.38,0.58,0.55,-0.01,0.62
198909,0.17,0.5,0.58,0.02,0.01
198910,0,0.69,0.01,0.62,0.19
198911,-0.78,-0.09,0.37,0.44,0.5
198912,-1,0.57,0.7,1.95,0.37
199001,1.62,1.26,0.32,-0.16,0.56
199002,-1.24,4.18,0.02,1.61,0.33
199003,1.87,2.84,0.03,3.2,0.55
199004,0.78,0.72,0.75,0.93,0.78
199005,0.15,0.84,0.44,0.89,0.27
199006,0.84,0.2,0.76,0.6,0.28
199007,0.28,0.12,0.33,0.19,-0.08
199008,0.35,0.67,0.51,0.29,0.84
199009,0.92,-0.5,0.43,0.14,-0.11
199010,-0.66,0.89,0.73,0.78,0.84
199011,-0.19,0.75,1.02,1.09,0.78
199012,-1.3,0.59,1.04,1.56,0.44
199101,-0.5,1.38,0.31,1.41,0.29
199102,2.8,-1.23,0.62,0.4,0.54
199103,1.15,1.44,0.43,-0.3,0.64
199104,1.05,0.13,0.35,1.15,0.54
199105,1.16,-1.46,0.12,0.56,0.86
199106,0.93,-0.42,0.43,0.78,0.66
199107,0.28,0.8,0.33,0.7,0.26
199108,0.62,0.89,0.24,0.24,0.22
199109,0.23,0.71,0.43,0.54,0.51
199110,-0.3,0.14,0.11,0.95,0.1
199111,-0.87,0.45,0.16,1.33,0.27
199112,0.83,-0.24,-0.45,0.32,0.47
199201,2.34,1.1,-0.19,1.57,0.51
199202,1.11,1.27,0.05,1.4,0.23
199203,1.72,1.21,0.24,0.36,0.85
199204,-0.15,-0.1,0.38,-0.12,0.67
199205,-0.52,0.6,0.08,0.3,0.79
199206,-0.35,0.62,0.31,-0.46,1.16
199207,-0.81,0.2,-0.01,-0.35,-0.5
199208,-0.64,1.49,-0.01,-0.35,0.01
199209,-0.89,0.06,0.15,-0.56,-0.15
199210,0.01,-1.28,0.28,-0.53,0.25
199211,0.34,0.08,-0.1,-0.31,-0.24
199212,-0.5,0.35,0.32,1.47,0.05
199301,0.43,1.57,-0.28,1.49,0.27
199302,-0.42,0.33,-0.41,2.39,0.06
199303,0.97,0.07,0.16,1.39,0.69
199304,0.41,0.5,0.31,-0.1,0.6
199305,0.69,1.24,0.39,-0.11,0.34
199306,-0.06,-0.15,0.47,0.24,0.68
199307,-0.04,-0.53,0.53,0.18,0.27
199308,0.08,-0.13,0.53,-0.17,0.31
199309,-0.37,-0.95,0.62,-0.32,0.31
199310,0.03,-0.21,0.96,-0.06,0.73
199311,-0.67,-2.5,0.98,-1.24,0.44
199312,1.15,1.01,0.78,0.18,0.51
199401,-1.14,2.09,0.33,0.87,0.43
199402,-1.65,-0.54,-0.1,-0.31,0.25
199403,1.51,1.45,0.6,0.71,0.39
199404,0.57,1.07,0.59,0.59,0.45
199405,0.74,0.18,0.61,0.68,1.11
199406,0.91,-0.04,0.2,0.79,0.87
199407,0.57,1.77,0.02,0.15,0.36
199408,0.52,1.14,0.34,0.21,0.47
199409,0.98,1.18,0.3,0.26,0.91
199410,0.81,0.14,0.3,1.07,0.63
199411,0.64,0.83,0.23,1.3,0.6
199412,1.4,1.05,-0.11,0.17,1.01
199501,1.71,1.13,-0.05,1.8,0.57
199502,0.9,3.43,0.27,3.45,0.31
199503,0.32,1.14,0.65,1.43,0.63
199504,0.45,0.42,0.2,1.26,0.48
199505,0.39,0.12,0.59,0.54,0.5
199506,0.88,0.7,0.85,0.73,0.7
199507,0.1,0.96,0.72,0.3,1.01
199508,0.84,0.82,1.07,0.74,0.71
199509,0.64,-0.17,0.85,0.53,0.88
199510,0.18,1.4,0.53,1.19,0.75
199511,-0.26,-1.06,0.25,2.07,0.58
199512,-0.11,-1.28,0.74,0.96,0.78
199601,-1.08,0.02,1.07,0.14,0.32
199602,1.52,-1.4,0.72,1.04,0.39
199603,-0.31,-1.33,0.49,0.55,0.66
199604,0.15,0.2,0.17,-0.48,0.49
199605,0,0.52,0.81,0.64,0.73
199606,0.78,0.45,0.18,0.14,-0.27
199607,0.24,-0.34,0.26,0.64,0.21
199608,0.11,0.72,0.58,-0.28,1.08
199609,0.15,-1.36,0.6,-0.21,0.35
199610,-0.76,0.44,0.24,0.15,0.63
199611,-0.9,1.17,0.05,0.93,0.35
199612,0.4,-0.78,0.67,0.89,0.52
199701,0.09,0.19,0.66,0.82,0.4
199702,1.35,1.88,-0.35,1.09,0.05
199703,0.19,1.1,-0.1,2.06,0.27
199704,-0.58,-1.06,-0.25,2.06,0.56
199705,-0.28,0.48,0.12,0.85,0.54
199706,0.63,0.7,0.9,0.51,0.85
199707,0.45,0.33,0.75,0.15,1.3
199708,0.41,1.33,0.81,0.44,0.77
199709,1.32,0.1,0.92,0.19,1.51
199710,-0.53,-0.28,0.7,1.5,1.16
199711,0.89,0.5,0.79,0.06,1.02
199712,2.36,0.74,0.68,-0.2,0.94
199801,1.05,2.24,0.49,0.2,1.23
199802,3.01,2.16,1.29,1.45,1.15
199803,0.98,0.32,0.51,1.05,1.11
199804,2.22,1.01,1.77,0.64,1.34
199805,2.08,0.66,1.07,0.42,0.89
199806,0.99,1.04,0.93,1.08,0.93
199807,1.45,0.41,1.06,1.19,1.75
199808,1.36,0.48,0.92,1.24,1.19
199809,1.97,0.36,0.89,0.46,0.5
199810,1.24,0.48,0.58,0.47,1
199811,2.19,-1.36,0.58,-0.57,0.44
199812,1.9,-0.38,0.53,1.85,0.72
199901,1.19,1.54,0.49,1.26,0.27
199902,2.5,0.62,0.53,3.13,0.63
199903,1.97,1.54,0.68,-1.2,0.57
199904,1.38,1.56,0.65,0.91,-0.09
199905,0.27,0.49,0.82,0.74,0.16
199906,0.5,1.43,0.82,0.38,0.45
199907,0.26,1.47,0.58,0.94,0.39
199908,0.81,0.7,0.55,0.37,0.46
199909,0.43,1.85,0.5,0.48,1.1
199910,-0.1,0.92,0.31,1,0.38
199911,2.2,0.11,0.54,0.48,0.11
199912,1.86,0.8,0.26,2.27,0.42
200001,1.5,0.58,0.29,0.36,0.47
200002,3.09,2.22,-0.42,1.6,0.18
200003,2.81,1.08,0.1,1.4,0.06
200004,0.8,2.09,0.94,2.32,0.55
200005,0.36,1.49,0.59,1.16,0.33
200006,0,0.87,0.54,1.02,0.73
200007,0.59,0.08,0.59,0.81,-0.28
200008,0.45,0.95,0.41,0.84,0.67
200009,0.21,0.28,0.59,0.42,0.13
200010,0.25,1.55,0.17,-0.33,0.86
200011,0.35,2.16,0.43,-0.88,0.12
200012,-0.93,2.1,0.37,0.18,0.32
200101,2.88,2.44,0.23,-0.25,0.28
200102,0.66,1.26,-0.22,0.53,0.87
200103,0.95,1.48,1.12,1.55,0.76
200104,1.05,0.77,0.67,1.06,0.69
200105,0.89,0.8,0.58,1.75,0.32
200106,0.48,0.22,0.41,1.03,0.31
200107,0.63,1.56,0.6,0.99,0.85
200108,1.2,1.51,0.87,0.86,1.26
200109,1.21,0.21,0.85,0.43,0.62
200110,0.24,2.14,0.58,0.6,0.89
200111,2.08,-0.16,0.49,2.47,0.63
200112,2.27,-1.63,0.96,0.55,0.69
200201,2.25,0.92,-0.15,2.59,0.55
200202,0.8,3.66,0.69,3.52,0.5
200203,-1.28,2.21,1.02,3.49,1.01
200204,-0.38,0.98,0.84,0.73,0.81
200205,-0.52,1.47,0.89,0.75,1.14
200206,1.06,1.54,0.46,0.9,0.35
200207,0.89,1.47,1.35,1.03,0.82
200208,0.28,1.43,1.13,0.68,1.32
200209,1.26,0.43,1.08,0.5,0.78
200210,-0.22,-0.08,0.63,0.45,1.5
200211,1.48,0.84,0.49,1.01,0.84
200212,3.36,-1.45,0.89,-1.33,0.88
200301,2.44,0.04,0.96,1.52,1.01
200302,-0.09,-0.77,0.96,1.59,0.79
200303,0.27,0.87,0.65,1.34,0.9
200304,0.8,0.14,1.01,0.83,0.59
200305,0.74,2.03,0.98,0.82,0.68
200306,0.3,1.96,0.63,0.45,1.4
200307,0.94,1.8,0.65,0.49,0.75
200308,1.27,2.28,0.76,0.96,0.4
200309,0.78,0.64,0.87,1.07,0.69
200310,1.86,-0.49,1.27,1.3,1.04
200311,0.61,1.42,1.02,0.35,0.85
200312,1.92,1.06,0.63,2.35,0.72
200401,-0.4,0.32,0.84,1.74,0.95
200402,1.47,1.27,0.71,2.11,0.48
200403,1.51,1.14,0.79,1.79,0.97
200404,0.75,1.01,0.64,0.75,1.18
200405,-0.2,-0.13,0.62,0.9,-0.29
200406,0.14,0.35,0.33,0.59,0.74
200407,0.35,0.4,0.5,0.42,0.59
200408,-0.23,1.19,0.94,0.29,0.67
200409,0.27,0.77,0.55,0.83,0.99
200410,0.8,1.36,1.08,0.4,0.96
200411,1.36,0.45,0.79,2.45,0.68
200412,0.11,1.11,0.92,0.29,0.93
200501,1.03,2.22,0.26,1.67,1.08
200502,2.34,-0.37,1.71,-0.53,1.02
200503,1.89,-0.47,1.4,1.56,0.93
200504,1.75,1.12,1.07,1.39,0.71
200505,0.72,0.81,1.02,1.2,0.91
200506,0.86,0.7,0.74,1.29,1.37
200507,0.81,1.29,0.81,1.11,0.86
200508,0.54,0.54,1.19,0.61,1.16
200509,0.95,1.24,1.01,1.58,0.15
200510,0.98,1.31,0.94,1.62,0.83
200511,1.6,0.64,0.92,2.48,0.95
200512,2.02,0.55,1.37,0.94,0.4
200601,3.65,-0.62,0.86,-1.08,0.86
200602,1.9,-0.44,0.97,1.71,0.98
200603,1.67,-0.8,0.82,1.62,0.84
200604,2.24,1.06,0.83,-0.12,0.67
200605,1.67,0.88,0.56,0.91,-0.12
200606,1.37,1.3,0.65,1.37,0.97
200607,1.13,2.18,0.98,0.53,1.42
200608,0.81,1.12,1.06,0.82,1.07
200609,0.78,1.91,0.62,1.06,0.66
200610,0.55,2.01,1.12,1.14,1.08
200611,-0.2,1.67,0.11,1.65,0.49
200612,3.09,2.59,0.15,2.17,0.9
200701,2.22,3.33,0.29,3.71,0.96
200702,0.29,1.36,1.09,1.58,0.79
200703,0.97,2.6,0.73,1.7,0.79
200704,0.81,1.6,0.96,2.49,1.03
200705,0.57,1.83,0.91,1.52,-0.12
200706,0.96,1.77,0.67,0.84,0.66
200707,1.23,0.99,0.71,0.92,0.31
200708,0.72,1.26,0.69,1.38,-0.14
200709,0.44,0.15,0.89,1.32,1.1
200710,1.16,0.94,0.71,1.2,0.94
200711,0.99,-0.19,0.6,1.86,0.55
200712,0.29,1.02,0.31,2.11,0.51
200801,0.79,2.08,-0.22,-0.45,0.47
200802,-0.16,2.73,-0.04,1.06,0.55
200803,-0.23,1.73,1.08,4.2,0.39
200804,0.25,1.4,0.37,1.26,0.44
200805,0.38,0.94,0.78,1.28,0.05
200806,0.73,1.28,0.7,1.02,0.03
200807,0.42,0.88,0.77,0.92,1.39
200808,0.47,1.08,0.77,0.82,1.11
200809,0.4,-0.04,1.06,0.61,0.5
200810,0.39,1.11,0.66,2.03,1.07
200811,1.49,1.03,0.63,2.16,1.18
200812,-0.84,1.15,1.03,1.69,0.67
200901,0.88,0.56,0.83,1.59,0.54
200902,1.22,0.84,0.96,1.09,0.65
200903,-0.44,0.9,0.68,1.75,1.02
200904,0.36,1.69,0.72,1.62,1.04
200905,-0.05,1.22,0.63,0.95,0.91
200906,0.14,0.85,1.27,0.81,0.36
200907,0.13,1.16,0.98,0.57,0.87
200908,0.2,1.22,1.02,0.65,1.28
200909,1.37,1.28,1.01,1.3,0.87
200910,-0.97,0.57,1.04,1.43,1.08
200911,2.06,2.1,0.48,0.24,1.46
200912,0.51,0.54,1.59,-0.19,0.72
201001,2.17,-1.11,1.68,0.32,1.02
201002,2.41,0.11,2.59,-0.31,1.49
201003,2.9,0.68,1.65,1.13,1.63
201004,2.84,1.25,1.95,0.73,0.87
201005,0.91,0.81,1.25,1.68,0.68
201006,1.09,1.05,1.1,1.5,1.08
201007,1.01,2.36,0.97,1.52,0.67
201008,1.32,1.7,1.02,1.2,0.48
201009,1.11,0.58,0.86,0.83,1.02
201010,1.63,-0.23,1.27,1.37,0.7
201011,1.75,1.26,1.42,2.7,0.49
201012,1.46,-1.38,1.07,0.22,0.72
201101,1.35,1.03,0.65,-0.08,0.65
201102,0.54,-0.33,0.74,0.58,0.44
201103,0.42,0.99,1.06,1.62,0.32
201104,-0.15,2.15,0.88,2.28,0.77
201105,0.36,1.2,0.87,1.4,0.42
201106,0.77,1.55,0.93,1.45,0.88
201107,1.29,0.99,1.07,0.97,0.91
201108,1.4,1.22,0.81,0.94,0.83
201109,1.43,1.95,0.92,0.73,1.2
201110,1.09,0.89,0.62,1.87,0.62
201111,0.81,0.82,0.4,0.9,0.77
201112,2.2,2.41,0.02,1.26,0.69
201201,2.2,1.29,0.11,0.14,0.66
201202,3.03,-2.22,0.41,-0.25,0.62
201203,2.67,1.69,0.35,0.48,0.72
201204,1.75,1.11,0.83,2.36,0.8
201205,1.4,1.54,1.11,1.97,0.89
201206,1.65,1.28,1.06,1.88,0.97
201207,1.77,1.48,0.93,1.39,0.5
201208,1.46,1.59,0.94,0.8,1.09
201209,1.5,1.22,0.59,1.12,1.47
201210,0.34,1.24,1.2,1.09,1.46
201211,0.32,1.98,1.36,1.1,1.06
201212,0.96,-0.44,0.71,-0.87,1.08
201301,1.77,0.9,0.99,0.53,0.96
201302,1.48,1.36,1.07,1.29,0.83
201303,0.83,-1.03,1.79,1.16,0.7
201304,-0.95,0.89,0.81,1.42,0.83
201305,0.22,1.5,1.07,1.6,1.04
201306,1.35,1.28,0.95,1.07,1.29
201307,0.45,1.29,0.87,0.79,0.85
201308,0.8,1.49,0.5,0.94,0.2
201309,1.32,0.52,0.82,0.5,0.6
201310,1.06,1.33,0.75,0.81,0.86
201311,-0.02,1.73,0.95,3.04,0.65
201312,-1.38,1.43,0.45,2.72,1.3
201401,2.24,1.71,1.05,0.55,0.87
201402,-0.37,3.24,0.64,-0.15,0.62
201403,-0.59,3.13,0.68,3.01,0.62
201404,0.05,2.1,0.97,2.33,0.9
201405,0.8,1.03,0.99,1.34,0.89
201406,1.01,0.76,1.12,1.1,1.22
201407,0.55,1.88,1.36,0.46,0.99
201408,0.89,1.19,1.13,1.07,1.5
201409,0.81,1.49,1.04,0.48,1.69
201410,1.53,1.64,0.88,0.31,1.68
201411,-0.33,1.62,0.8,0.77,1.08
201412,2.36,1.64,0.82,1.58,0.94
201501,1.74,2.14,0.37,2.41,1.1
201502,-0.54,1.99,1.1,3.36,0.84
201503,1.74,2.21,0.79,2.54,1.13
201504,1.12,1.12,0.53,1.56,1.41
201505,1.06,1.04,1.36,1.63,1.19
201506,1.37,0.66,1.12,1.46,1.59
201507,0.72,1.57,1.43,0.9,1.72
201508,0.84,1.83,1.62,0.91,2.08
201509,1.64,1.78,1.45,1.04,1.92
201510,1.3,0.67,1.75,1.1,1.61
201511,1.88,2.48,1.02,1.39,1.3
201512,2.76,3.11,0.6,2.9,1.53
201601,3.43,0.57,1.42,1.56,1.61
201602,3.17,3.71,1.38,3.37,1.87
201603,3.17,1.9,1.81,3.65,1.43
201604,1.54,1.91,1.82,2.69,1.42
201605,1.45,1.35,1.19,1.27,0.71
201606,1.67,1.72,1.31,1.42,0.47
201607,1.33,1.59,0.98,1.31,1.39
201608,1.3,1.39,1.1,1.58,1.66
201609,1.6,2.09,1.28,1.85,0.95
201610,1.33,0.43,1.56,0.14,1.18
201611,3.68,0.32,1.49,-0.24,1.07
201612,0.63,0.82,1.22,1.79,1.26
201701,3.04,-0.06,0.81,2.18,1.01
201702,3.17,1.95,0.78,2.39,0.96
201703,1.18,2.9,0.9,3.31,0.93
201704,1.12,0.65,1.11,2.13,0.89
201705,1.21,1.02,1.41,1.24,1.43
201706,1.11,1.84,1.43,1.23,1.4
201707,1.08,1.15,1.24,1.1,1.35
201708,0.8,1.81,1.29,1.28,2.01
201709,1.49,1.11,1.44,1.06,1.57
201710,1.42,1.38,0.9,0.9,1.38
201711,0.93,1.06,0.59,1.86,1
201712,2,1.92,1.03,2.34,1.2
201801,2.02,2.62,0.58,1.16,0.82
201802,0.87,0.13,1.38,1.75,0.81
201803,1.71,-0.11,1.44,2.17,0.96
201804,-0.6,3.02,1.09,1.79,1.33
201805,1.51,2.93,1.26,0.97,1.03
201806,1.08,1.89,1.07,1.5,0.38
201807,1.05,2.47,1.42,1.11,0.89
201808,0.74,2.48,1.32,1.2,0.65
201809,0.32,2.09,1.35,1.21,1.6
201810,-0.13,1.9,1.25,2.04,1.35
201811,-0.02,1.48,1.4,1.06,1.15
201812,2.28,1.59,1.16,0.83,0.9
201901,1.43,0.83,0.99,2.35,1.14
201902,-0.44,2.96,0.63,2.01,1.09
201903,1.82,2.35,1.2,3.23,0.97
201904,1.38,1.58,1.43,2.13,1.43
201905,0.83,0.57,1.6,1.24,1.27
201906,0.83,2.93,1.36,1.47,1.85
201907,1.08,1.22,1.48,1.02,1.06
201908,0.89,1.9,1.43,1.17,1.09
201909,1.78,1.3,1.28,1.36,1.7
201910,0.51,1.87,1.32,1.86,1.26
201911,1.05,1.77,1.63,1.13,1.52
201912,1.87,2.78,1.27,2.08,1.23
202001,1.96,3.29,0.6,3.56,1.39
202002,1.11,3.86,1.05,4.25,1.26
202003,1.25,2.53,1.15,3.71,1.81
202004,0.48,1.5,1.51,2.53,1.23
202005,0.59,0.44,1.53,2.29,0.92
202006,0.98,1.97,1.39,1.33,1.54
202007,1.34,1.17,0.88,1.36,1.3
202008,1.39,2.04,1.27,1.11,1.6
202009,0.58,2.35,1.25,1.69,1.8
202010,0.21,2.19,1.41,1.37,1.78
202011,1.62,2.16,0.75,2.67,1.41
202012,2.79,2.48,1.58,0.52,1.07
202101,4.15,1.48,1.61,0.29,0.84
202102,-0.69,1.64,0.77,1.81,0.66
202103,2.22,1.28,0.91,2.41,0.81
202104,1.1,0.34,1.28,1.74,1.07
202105,0.46,0.41,1.35,2.11,0.7
202106,1.85,2.38,1.34,1.66,0.89
202107,1.18,2.4,1.18,1.63,0.97
202108,1.16,1.11,1.36,1.6,1.53
202109,1.64,0.93,1.3,1.14,2.06
202110,2.44,0.95,1.18,1.35,1.46
202111,1.84,1.32,1.68,2.03,0.92
202112,1.94,0.83,1.42,1.58,1.18
202201,0.79,2.07,0.43,2.67,1.34
202202,-0.53,3.15,0.64,2.45,0.82
202203,1.64,1.18,0.67,2.78,0.61
202204,-0.03,0.82,1.22,2.68,0.88
202205,0.88,1.45,0.99,1.71,0.3
202206,1.25,2.55,1.02,1.87,0.47
202207,1.47,1.88,0.93,1.43,1.77
202208,1.8,2.88,1.09,1.31,1
202209,2.09,0.82,1.14,1.23,0.91
202210,1.65,2.65,0.89,1.72,0.93
202211,0.67,2.16,0.58,1.57,0.66
202212,0.48,1.73,1.56,1.12,1.14
202301,3.59,3.51,0.85,0.79,0.98
202302,0.63,2.39,0.98,3.17,1.02
202303,0.45,2.09,1.49,3.99,1.43
202304,0.91,1.07,1.18,1.12,1.14
202305,2.32,1.05,1.24,1.2,1.4
202306,1.45,2.13,1.31,1.51,1.53
202307,1.85,1.81,1.73,1.65,2.19
202308,1.85,2.55,1.91,1.93,2.52
202309,2.51,3.35,1.83,1.87,2.37
202310,1.99,2.43,1.93,2.74,2.3
202311,2.68,1.34,1.85,3.2,2.11
202312,4.65,1.94,1.53,1.72,1.81
202401,2.04,1.79,1.77,2.14,1.89