B2, A3547G  T4977C  C6473T  T9950C  C11177T  T16189C! 
B2a, C16111T  G16483A  T16189C! 
B2a1, A10895G  T16189C! 
B2a1a, T14766C  T16189C! 
B2a1a1, A12729G  T16189C! 
B2a1b, T3027C  C12890T  T16189C! 
B2a2, A9097G  T16189C! 
B2a3, A551G  G5054A  T16189C! 
B2a4, T16092C  T16189C! 
B2a4a, G228A  T16189C! 
B2a4a1, A3663G  G10685A  T16325C  T16189C! 
B2a5, A189G  C5987T  A11884G  A13221G  C16278T!  T16189C! 
B2b, G6755A  T16189C! 
B2b1, G207A  A1041G  A1842G  T4226C  C4814T  T16093C  A16175G  T16189C!  T152C! 
B2b2, G16145A  T16189C! 
B2b2a, T209C  T3394C  G6260A  T9233C  T10915C!  A11968G  C16320T  T16189C! 
B2b3, G13708A  T16189C! 
B2b3a, T152C!  C271T  G3918A  T4232C  T15784C  T16249C  A16312G  T16189C! 
B2b4, (T159C)  (T195C)  A8641G  C9605T  T11569C  G15521A  (C16189T!!)  (C16239T)  (C16353T)  T16189C! 
B2c, A7241G  T16189C! 
B2c1, T9098C  T16189C! 
B2c1a, G6722A  T16189C! 
B2c1b, A4435G  A7262G  A7822G  T16189C! 
B2c1c, T14063C  T16189C! 
B2c2, T146C!  T4755C  T14757C  T16189C! 
B2c2a, C8702T  G16319A  T16189C! 
B2c2b, T152C!  T9682C  A13661G  C16295T  T16189C! 
B2d, C498d  A4122G  A4123G  T8875C  T9682C  T16189C! 
B2e, C6119T  C14049T  T16189C! 
B2f, A3796G  C3996T  T10535C  A13833G  T16189C! 
B2g, C114g  T3766C  C6164T  T16189C! 
B2g1, C1002T  T16298C  T16189C! 
B2g2, G7340A  C11647T  T11875C  T16189C! 
B2h, A11821G  T16468C  T16189C! 
B2i, A6272G  T16189C! 
B2i1, T430C  T485C  T961C  T16311C!  T16189C! 
B2i2, A470G  G11611A  G15077A  T16189C! 
B2i2a, A16207G  T16189C! 
B2i2a1, T10248C  C16291T  T16189C! 
B2i2a1a, C4259T  A12400G  T16189C! 
B2i2a1b, A3843G  T16189C! 
B2i2b, G207A  T16189C! 
B2i2b1, A153G  T16249C  T16189C! 
B2j, T131C  A183G  C5270T  A15924G  A16166G  G16361A  T16189C! 
B2k, T146C!  T4371C  T16189C! 
B2l, T16422C  T16189C! 
B2m, A15766G  A16164G  C16519a  T16189C! 
B2n, A4191G  G6383A  T16189C! 
B2o, T16092C  T16189C! 
B2o1, T7270C  G16145A  T16189C! 
B2o1a, T152C!  A14500G  T16189C! 
B2p, C2380T  T8222C  G11696A  T16189C! 
B2q, T4047C  T16189C! 
B2r, C5899d  T16189C! 
B2s, T310C  T8567C  T12616C  T13740C  T16152C  T16325C  T16189C! 
B2t, A10792G  A15244G  G15884A  C16259T  T16357C  C16467T  T16189C! 
B2u, T152C!  C182T!!  A3927G  T5492C  A8146G  C16256T  T16189C! 
B2v, C7376T  C15661T  T16140C  T16189C! 
B2w, T146C!  A11950G  G14569A  C16270g  T16189C!  C16278T! 
B2x, A4129G  G10646A  C11389T  C12346T  T16323C  T16189C! 
B2y, C16261T  T16189C! 
B2y1, A3480G  T16189C! 